Arcade Gamer Fubuki,1000
Xiao Cangshu Di Di de Chi Bo Richang,1001
Future Boy Conan,1001
Jin Se De Da Yan,1001
Gakuen Basara: Samurai High School,1001
Pretty Guardian Sailor Moon Crystal,1002
Xiaodou Pai Pai: Qingshang Pei You,1002
Calm,1003
Nerima Daikon Brothers,1004
Boukyaku Battery: Jump Festa 2020 Special,1004
Super Dimension Century Orguss,1004
Qin Shi Mingyue: Tian Xing Jiu Ge,1005
Go! Princess Pretty Cure,1006
Clannad,1008
Natsume Yuujinchou: Itsuka Yuki no Hi ni,1008
Taisei Kensetsu: Bosporus Kaikyou Tunnel,1009
Xinghe Zhizun 2nd Season,1010
Yu Yu Hakusho: Mu Mu Hakusho,1011
Ranma 1/2 Nettou Uta Gassen,1011
Kakuza Tousan,1013
Shachiku-san wa Youjo Yuurei ni Iyasaretai.,1013
Apache Yakyuugun,1014
perfume BVH import,1015
White Fantasy,1015
Riku wa Yowakunai,1015
Peeping Life x Beppu City Collaboration,1015
Eun-sil-i,1016
(K)NoW_NAME: Knew day,1017
Zetman,1017
Hime-sama Goyoujin,1018
Your Gay Thoughts: To Disappear,1019
X-Men,1020
Triton of the Sea (1979),1021
Yume no Majutsushi,1022
NINO & Evan Call: Jyou Jyou,1022
Extreme Escape Adventure: Good People Die,1023
Fate/Grand Order: All In! Las Vegas Championship Match: Seven Duels of Swordbeauties! Event PV,1024
FAKE TYPE: BEELZEBUZ,1024
Charlotte Special,1026
Xue Ying Lingzhu Zhi Qiyu Pian,1026
Tokyo Mew Mew New,1027
Fate/Grand Order: Moonlight/Lostroom,1028
Momo Kyun Sword,1028
Boku ga Ai Shita Subete no Kimi e,1028
Bakuman. 2,1029
Dr. Slump Movie 7: Arale-chan N-cha! Pengin-mura yori Ai wo komete,1029
Dead Girls,1029
Kinnikuman Movie 5: Haresugata! Seigi Choujin,1031
Ganbare! Bokura no Hit and Run,1031
Please Twins: The Summer Never Ends,1031
Kaze wo Nuke!,1031
Kaguya-sama: Love is War - Ultra Romantic,1032
Fei Zhi Baike: Yuanlai Ni Shi Zheyang de Zhiwu 2nd Season,1033
Mob Psycho 100 II,1033
Mobile Suit Gundam Wing: Endless Waltz Movie,1034
newspaper,1034
Rebirth Moon Divergence,1035
Roselia: Black Shout,1035
Kiss Kiss Kiss,1035
Magical Girl Ore,1035
Girls und Panzer der Film: Akiyama Yukari no Sensha Kouza,1036
Akane Aki: FlashBack,1037
Jin: Kagerou Daze,1038
Rabbit Tailor,1039
My Teen Romantic Comedy SNAFU Climax,1039
dMatsu-san,1040
Da Hu Fa,1041
The Troubled Life of Miss Kotoura,1042
Wolf Girl and Black Prince Recap,1043
Nakoruru,1044
JoJo's Bizarre Adventure: Golden Wind Recaps,1045
Major Movie: Yuujou no Winning Shot,1045
Date a Live Movie: Mayuri Judgement,1046
Yawara! Special: Zutto Kimi no Koto ga,1047
Ichiban Chikakute Tooi Hoshi,1047
Pokemon Movie 14: Black - Victini and Reshiram,1048
My Wife Is the Student Council President! OVA: Okusama Gekijou,1049
The Elder Sister-Like One,1049
Rilu Rilu Fairilu: Mahou no Kagami,1049
Visions of Frank: Short Films by Japan's Most Audacious Animators,1050
Squid Introspection,1050
Yumeiro Pâtissière,1050
Ashita no Kibou: Kanashimi yo Arigatou - Takae Tsuneo Monogatari,1050
Miniforce,1051
Pinocchio-P: Secret HIMITSU,1051
Miao Xian Sheng,1051
Benkei and Ushiwakamaru,1051
KY-kei JC Kuuki-chan,1053
Bakusou Kyoudai Let's & Go!! WGP,1054
Ado: Yoru no Pierrot (360° ver.),1055
Wo de Tian Jie Nuyou,1055
Mole Zhuang Yuan 3: Mohuan Lieche Da Maoxian,1055
Typhoon Noruda,1056
Honobono Log,1056
Neru: Sekai wo Kowashite Iru,1057
Ran,1057
Guai Laotou Er,1057
Kano: Haru ni Ochite,1058
Sorcerer Hunters OVA,1058
Futsal Boys!!!!!,1058
Xie Wang Zhui Qi Zhi Yishi Qingcheng,1059
22/7: 8+3=?,1059
Panpan no Tou: Ongaku wa Tomatta,1060
Sakura Wars: Ecole de Paris,1061
Oz no Mahou Tsukai Movie,1061
Din Dong,1061
Kabushiki Kaisha Zoo,1061
Kuragehime Specials,1063
Pokemon: The Origin,1065
The [email protected]: Cinderella Girls Theater Climax Season,1066
Tian Tian Hao Haizi,1066
Kochira Katsushikaku Kameari Kouenmae Hashutsujo (Shinsaku),1067
Sword Gai: The Animation Part II,1067
Doraemon Movie 30: Nobita's Great Mermaid Naval Battle,1068
K: Seven Stories Movie 5 - Memory of Red ~BURN~,1068
Orbital Era,1068
Examurai Sengoku,1068
Hawaiian Rock'n Roll,1068
Yu Yu Hakusho,1069
Tarzan,1069
Bakusou Kyoudai Let's & Go!! MAX,1069
Zettai Shounen,1069
Kakusansei Million Arthur OP,1069
Kaitou Lupin: 813 no Nazo,1070
Living with Garfield,1071
Forest Fairy Five,1071
Rockeppe,1071
Armored Dragon Legend Villgust,1072
Mahoutsukai Haley no Speed Story,1073
Kyuumei Senshi Nanosaver,1073
Wan Shen Ji,1073
Tako ni Natta Okaasan,1073
The Spirits of Cairn,1074
Blue Seed 1.5,1075
40-Shuunen da yo! Coro Coro All-Star Shougakkou,1076
Tatakae! Dokan-kun: Gekitou-kun,1076
Mr. Osomatsu: Virgin Hero,1077
Tsukiuta. The Animation,1077
Xiong Bing Lian 3,1077
Naita Aka Oni,1077
Anime Roukyoku Kikou Shimizu no Jirochouden,1078
Maido! Urayasu Tekkin Kazoku,1078
Chogattai Majutsu Robot Ginguiser,1078
Captain Future: Kareinaru Taiyokei Race,1079
Hiiragi Kirai: Eureka,1079
Eternal Alice: Eikyuu Alice Rondo - Extra Song,1080
A Little Princess Sara,1081
Kyoro-chan,1081
Ayane's High Kick,1081
Dragon Ball Super: FNS 27 Hour TV,1082
Heart,1082
Those Who Hunt Elves II,1083
Pi Pi Lixian Ji,1083
Yowamushi Pedal: Re:RIDE,1083
Fist of the North Star: Legend of Yuria,1086
Inishie no Megami to Houseki no Ite,1086
Gu Xiong,1086
Suzy's Zoo Daisuki! Witzy,1086
Zongyou Yaoguai Xiang Hai Zhen,1086
"You're Being Summoned, Azazel Z",1087
The Seven Heavenly Virtues,1087
Mobile Suit Gundam Wing: Frozen Teardrop Picture Drama - Aratanaru Tatakai,1087
Usagi no Matthew,1088
Orange -Mirai-,1088
Shin Skyers 5,1088
Ulysses 31,1088
Seraph of the End: The Beginning of the End,1089
Buddha Saitan,1089
Mafumafu: Handicap,1089
Dragon Ball Movie 2: Sleeping Princess in Devil's Castle,1090
Onaka no Ookina Ouji-sama,1090
Yinhe Zhi Xin,1090
Sheep in the Island,1091
GREAT3: Haiku,1093
Daaree,1093
Amanatsu,1094
Detective Conan: Amuro Secret Call,1094
Baoxiao Haha Zhen,1096
100-nichikan Ikita Wani,1097
Umineko: When They Cry Specials,1097
Higanjima X,1098
Scryed,1098
The Ones Within,1098
Shita-kiri Suzume,1098
Hanamaru Koutsuu Anzen,1098
Thermae Romae,1098
Transformers: Armada,1099
Hetalia: World Series Extra Episodes,1099
Delinquent Hamsters 2,1100
Oni Girl!! x Mameshiba,1101
"Mori no Kuma-san, Toumin-chuu.",1102
Folktales from Japan,1103
Nozo x Kimi,1104
Baka and Test - Summon the Beasts Mini Anime,1104
Kupu~!! Mamegoma!,1104
Ace of the Diamond: Second Season,1106
Ghost in the Shell: Stand Alone Complex 2nd Gig,1106
Miss Monochrome: Watashi dake no Monogatari,1106
Hokuro Kyodai Full Throttle!!!!,1106
Yichan Xiao Heshang,1107
Diamond Daydreams Special,1108
Xiong Chu Mo Movie 8: Yuanshi Shidai,1108
Disney: Twisted-Wonderland 1-shuunen Kinen PV,1109
Roujin Z,1109
BUCK-TICK x HAL,1109
Neru: Jailbreak,1110
Schick x Evangelion,1110
Saiyuki Gaiden: Tokubetsu-hen - Kouga no Shou,1111
Xiao Ta Lixian Ji: Jiyi Senlin,1112
Blood Blockade Battlefront: Even These Are the Worst and Best Days Ever,1112
Magical Sisters Yoyo & Nene,1113
A Certain Scientific Railgun S: All the Important Things I Learned in a Bathhouse,1113
Otohime Connection,1114
My Hero Academia - All Might: Rising The Animation,1114
Günther,1115
Keina Suda: Red,1115
Gushi Xiao Hao Shou,1115
Six Angels,1115
Super Robot Wars OG: Divine Wars,1116
Meitounao He Bugaoxing TV,1116
Nike SB x Mobile Suit Gundam Unicorn,1118
Chronos Ruler,1118
Shanguang Xiao Zongdui,1118
Hao Gua Gua,1118
Hamtaro OVA 1: Hamtaro's Birthday! 3000 Hammy Steps in Search of Mommy,1119
Penguin no Mondai,1119
Chiisana Tegami,1120
Kenshi Yonezu: Musunde Hiraite Rasetsu to Mukuro,1120
Yorugao,1120
Sabu to Ichi Torimono Hikae,1120
Detective Conan: The Culprit Hanazawa,1120
OSTER project: Kujira Rider,1121
Ken-chan,1122
Tantei Opera Milky Holmes: Psycho no Aisatsu,1122
Hyakko Extra,1123
The Lost Village,1123
Shi Ye Miao Yin,1124
DECO*27: Otome Kaibou,1124
Dr. Slump Movie 3: The Great Race Around the World,1124
Pleasant Goat and Big Big Wolf: Everyday Pleasant Goat,1124
Sound of the Sky,1125
Futaridaka,1125
HoneyWorks: Kawaiku Naritai,1126
Duel Masters,1126
Ba La La Xiao Mo Xian Zhi: Meng Huan Xuan Lu,1127
Francois CM: Cassis to Arles no Monogatari,1127
Hanjawang Jumong,1127
Orphen Revenge,1128
Shouri Toushu,1128
Taberu Hitotachi,1128
Majikoi: Oh! Samurai Girls!,1128
Namae... Sore wa Moeru Inochi,1129
Tokyo 7th Sisters: TRIGGER / Fire and Rose,1129
Manga,1131
Red Colored Bridge,1131
Akai Hana Shiroi Hana,1131
Alderamin on the Sky,1132
Future Diary: Ura Mirai Nikki,1132
ReLIFE,1133
Ding Ding Zhan Hou Wang,1134
Detective Conan: Let's Try a Curious Experiment!,1134
FAKE TYPE. Tsuki,1134
Saint Seiya: Soushuuhen,1135
Super Robot Wars OG: Divine Wars - Separate Paths,1135
Youkai Watch: Shadow Side,1136
Kenshi Yonezu: Suna no Wakusei,1136
Eguchi Hisashi no Nantoka Narudesho!,1137
Akagi,1138
I Can’t Understand What My Husband Is Saying: 2nd Thread,1138
Fate/Grand Order x Himuro no Tenchi: 7-nin no Saikyou Ijin-hen,1138
Toshokan Sensou: Kakumei no Tsubasa,1139
Haiyoru! Nyaru-ani: Remember My Love(craft-sensei),1139
Battle Spirits: Kakumei no Galette,1139
Glass Fleet,1139
Irodorimidori: Spicy Swingy Style,1140
Girls und Panzer: Saishuushou 2,1140
Roco Kingdom Movie 3,1141
Television,1142
Cigarettes and Ashes,1143
Aria the Crepuscolo,1143
Kurau: Phantom Memory,1143
Darker than Black,1144
Eternal Alice,1144
House of Five Leaves,1145
Ousama no Takaramono,1145
Panpaka Pants O New-san,1145
Spookiz Season 3,1146
Reikenzan: Eichi e no Shikaku,1147
Alice in Borderland CM,1147
"Neru: Kodama, Hekikai, Nayuta wo Misadamu Aglaophonos no Shihen",1147
Kawa wa Dare no Mono?,1148
SK8 the Infinity (New),1148
Sakura Wars: Sumire,1148
Nanocore 2016 Xinnian Tebie Ban,1149
Mogu&Perol,1149
Project A-Ko 3: Cinderella Rhapsody,1149
Metropolitan Museum,1149
The Little Mermaid: Attack of the Pirates,1150
Classroom☆Crisis,1150
Pokemon Black Version 2 and White Version 2,1151
Calligraffiti,1151
The Super Milk-chan Show,1151
His and Her Circumstances,1152
Glass Mask,1153
Romeo x Juliet,1153
Space Battleship Tiramisu Zwei,1153
Kariage-kun,1153
Baka Mukashibanashi: Momotaro no Heya,1157
Fenghuang Ji Xiang Yu Qingming Shanghe Tu,1157
Kappa no Kui Kuo Kua,1157
Super Dimensional Fortress Macross II: The Movie,1158
Sekai Meisaku Douwa Series: Wow! Maerchen Oukoku,1160
Galaxy Express 999: Can You Live Like A Warrior?,1160
Long Zu,1160
Sayonara Zetsubou Sensei Jo: Zoku Zetsubou Shoujo Senshuu,1161
City Hunter: Ryou no Propose,1161
Kitte no Nai Okurimono,1161
Make My Day,1162
Armored Trooper Votoms: Alone Again,1162
Hell Teacher Nube: Gozen 0 Toki Nube Shisu,1163
Super Robot Wars OG: The Inspector,1164
The Mysterious Cities of Gold,1164
Valvrave the Liberator,1165
Enya-Sang: Sayonara Nyuunanzai,1165
Boarding School Juliet,1166
Yamaki x Taka no Tsume: Katsuobushi Kezutte Kezutte Daisakusen,1166
Tekkaman Blade,1167
That Time I Got Reincarnated as a Slime Season 2,1167
Overlord IV,1168
Sugar Bunnies Fleur Specials,1169
Sorcerous Stabber Orphen,1169
Youjo Shenki Episode 0,1170
Cara to Otamajakushi Shima,1170
Sound Horizon: Yodaka no Hoshi,1170
Basilisk: The Ouka Ninja Scrolls,1170
Kairaku no Sono,1172
Nejishiki: Koibitomodachi,1172
Fox Spirit Matchmaker Season 7,1173
Pinch to Punch,1173
Jubilee,1175
Schwarzesmarken,1177
Rakshasa Street 2nd Season: Part II,1178
Kaeru San Yuushi,1178
Natsufuku no Shoujotachi,1178
Zhong Zhiyang 8mm Donghua,1178
Crayon Shin-chan Movie 8: Arashi wo Yobu Jungle,1179
Megaton Musashi 2nd Season,1179
Doubutsu Sumo Taikai,1179
Oshare Majo Love and Berry: Shiawase no Mahou,1180
DECO*27: DECOUSTIC,1180
Pecola,1180
The Testament of Sister New Devil DEPARTURES,1181
Ongaku Sekai Ryokou,1181
Bakuhatsu Goro,1182
Xiyue Qi Tong,1182
Neo Angelique Abyss,1183
Baka and Test - Summon the Beasts OVA: Sentakushi Ikou nomi,1183
The King of Fighters: Destiny,1183
Peach Boy Riverside,1183
Hi-sCool! Seha Girls Special,1184
Code Geass: Lelouch of the Rebellion R2 Picture Drama - Last Moratorium,1184
Encouragement of Climb Special,1186
Yamakagashi,1186
Housenka,1186
High School DxD BorN Specials,1187
Mushinin,1188
Cyberteam in Akihabara,1188
Girls Jockey Special,1189
Memories Off,1190
Meitantei Rascal,1190
Dragon Quest: Dai no Daibouken - Tachiagare!! Avan no Shito,1191
Tamagotchi! Miracle Friends,1191
Ore no Sora Keiji-hen,1193
Pita-Ten,1193
RoboMasters The Animated Series,1193
Kirakira Kirari☆,1193
Infinity Nado 2,1194
Fanren Xiu Xian Chuan,1194
Utakoi,1195
Powapowa-P: Strobe Light,1195
Midnight Crazy Trail,1195
Mysteria Friends,1196
CLIMBER,1196
Tenamonya Voyagers,1196
KonoSuba – God’s blessing on this wonderful world! 2 OVA,1198
Kaakaa Karasu no Kanzaburou,1198
Nansensu Monogatari Daiichi-hen: Sarugashima,1198
Nineko Gelee,1198
Fate/stay night: Unlimited Blade Works 2 - Sunny Day,1200
Hato Poppoppo,1200
Mon Colle Knights,1200
Negima!?,1201
Sushi and Beyond,1201
Kono Oto Tomare! 2nd Season,1202
Vampillia: Mirror Mirror (bombs BiS),1203
Akagaki Genzou: Tokuri no Wakare,1203
Yume no Mahou,1204
Time Autobahn,1205
Daifuku-kun @ Kin Tele,1205
